datetime,date,hour,shortwave_radiation,direct_radiation,diffuse_radiation,temperature_2m,apparent_temperature,cloudcover,dewpoint_2m,precipitation,windspeed_10m,windgusts_10m,winddirection_10m,surface_pressure,relativehumidity_2m
2025-10-27 00:00:00,2025-10-27,0,0.0,0.0,0.0,16.8,15.8,96,12.3,0.3,11.6,31.7,240,1006.3,75
2025-10-27 01:00:00,2025-10-27,1,0.0,0.0,0.0,16.8,16.6,100,13.9,0.0,10.1,28.8,215,1006.0,83
2025-10-27 02:00:00,2025-10-27,2,0.0,0.0,0.0,17.3,16.8,64,12.6,0.0,9.3,24.8,257,1006.3,74
2025-10-27 03:00:00,2025-10-27,3,0.0,0.0,0.0,17.2,16.4,66,12.5,0.0,10.3,26.6,258,1006.2,74
2025-10-27 04:00:00,2025-10-27,4,0.0,0.0,0.0,16.9,16.1,63,11.8,0.0,9.7,26.6,255,1006.4,72
2025-10-27 05:00:00,2025-10-27,5,0.0,0.0,0.0,16.9,15.8,59,10.7,0.0,8.9,27.0,249,1006.4,67
2025-10-27 06:00:00,2025-10-27,6,0.0,0.0,0.0,16.6,15.6,47,11.1,0.0,8.7,21.2,240,1006.7,70
2025-10-27 07:00:00,2025-10-27,7,10.0,2.0,8.0,16.2,15.4,45,10.5,0.0,6.1,22.0,225,1007.1,69
2025-10-27 08:00:00,2025-10-27,8,116.0,53.0,63.0,17.0,16.6,52,10.8,0.0,4.5,15.5,209,1007.5,67
2025-10-27 09:00:00,2025-10-27,9,260.0,154.0,106.0,18.1,18.0,44,11.2,0.0,3.2,11.2,180,1008.1,64
2025-10-27 10:00:00,2025-10-27,10,406.0,286.0,120.0,19.1,19.0,55,11.6,0.0,3.6,11.5,276,1008.4,62
2025-10-27 11:00:00,2025-10-27,11,472.0,329.0,143.0,19.7,18.9,66,11.4,0.0,8.6,22.7,303,1009.2,59
2025-10-27 12:00:00,2025-10-27,12,505.0,346.0,159.0,19.9,18.9,41,11.4,0.0,10.2,26.3,288,1008.7,58
2025-10-27 13:00:00,2025-10-27,13,533.0,378.0,155.0,20.2,18.5,21,10.3,0.0,12.6,31.3,272,1008.6,53
2025-10-27 14:00:00,2025-10-27,14,505.0,396.0,109.0,20.0,17.5,4,9.8,0.0,16.7,41.0,277,1008.7,52
2025-10-27 15:00:00,2025-10-27,15,371.0,279.0,92.0,19.7,17.2,46,9.6,0.0,16.6,41.0,272,1009.0,52
2025-10-27 16:00:00,2025-10-27,16,185.0,97.0,88.0,19.3,17.1,72,10.3,0.0,15.3,40.0,261,1008.9,56
2025-10-27 17:00:00,2025-10-27,17,47.0,14.0,33.0,18.5,17.0,61,10.6,0.0,11.4,36.7,246,1008.8,60
2025-10-27 18:00:00,2025-10-27,18,0.0,0.0,0.0,18.1,17.1,100,11.7,0.0,10.5,26.6,239,1009.0,66
2025-10-27 19:00:00,2025-10-27,19,0.0,0.0,0.0,18.2,17.9,95,12.6,0.0,7.8,25.2,236,1009.0,70
2025-10-27 20:00:00,2025-10-27,20,0.0,0.0,0.0,18.5,17.9,86,13.1,0.0,10.4,27.0,226,1008.8,71
2025-10-27 21:00:00,2025-10-27,21,0.0,0.0,0.0,18.8,18.0,74,13.4,0.0,13.3,33.1,251,1008.9,71
2025-10-27 22:00:00,2025-10-27,22,0.0,0.0,0.0,18.7,18.1,71,13.4,0.0,11.6,32.0,248,1008.7,71
2025-10-27 23:00:00,2025-10-27,23,0.0,0.0,0.0,18.6,18.3,59,13.8,0.0,10.2,28.8,238,1008.9,74
2025-10-28 00:00:00,2025-10-28,0,0.0,0.0,0.0,18.4,18.7,64,13.9,0.0,6.4,27.0,218,1008.7,75
2025-10-28 01:00:00,2025-10-28,1,0.0,0.0,0.0,18.1,18.4,38,13.8,0.0,5.9,15.8,218,1008.8,76
2025-10-28 02:00:00,2025-10-28,2,0.0,0.0,0.0,17.7,18.4,25,14.2,0.0,4.0,14.4,207,1008.8,80
2025-10-28 03:00:00,2025-10-28,3,0.0,0.0,0.0,17.3,18.2,38,14.2,0.0,3.2,9.4,207,1008.8,82
2025-10-28 04:00:00,2025-10-28,4,0.0,0.0,0.0,16.9,17.9,24,13.8,0.0,1.6,6.5,207,1009.0,82
2025-10-28 05:00:00,2025-10-28,5,0.0,0.0,0.0,16.3,17.3,7,13.4,0.0,0.5,2.5,135,1009.1,83
2025-10-28 06:00:00,2025-10-28,6,0.0,0.0,0.0,15.3,15.9,17,13.8,0.0,4.0,5.4,355,1010.0,91
2025-10-28 07:00:00,2025-10-28,7,10.0,2.0,8.0,14.4,15.0,23,13.8,0.0,4.4,7.6,351,1010.9,96
2025-10-28 08:00:00,2025-10-28,8,123.0,70.0,53.0,15.3,16.1,0,14.4,0.0,4.4,10.8,351,1012.3,94
2025-10-28 09:00:00,2025-10-28,9,285.0,206.0,79.0,17.5,18.3,0,14.4,0.0,4.3,14.4,355,1013.0,82
2025-10-28 10:00:00,2025-10-28,10,427.0,332.0,95.0,19.4,20.2,0,14.4,0.0,4.5,14.4,29,1013.5,73
2025-10-28 11:00:00,2025-10-28,11,528.0,425.0,103.0,20.9,21.5,9,13.6,0.0,3.8,14.0,73,1014.1,63
2025-10-28 12:00:00,2025-10-28,12,561.0,441.0,120.0,21.7,22.3,49,13.1,0.0,3.4,10.8,122,1014.0,58
2025-10-28 13:00:00,2025-10-28,13,508.0,362.0,146.0,22.1,22.1,49,12.7,0.0,5.8,13.0,173,1013.9,55
2025-10-28 14:00:00,2025-10-28,14,437.0,307.0,130.0,21.9,21.8,43,13.3,0.0,7.8,19.8,193,1013.9,58
2025-10-28 15:00:00,2025-10-28,15,338.0,236.0,102.0,21.4,21.7,19,13.6,0.0,6.1,19.8,208,1014.3,61
2025-10-28 16:00:00,2025-10-28,16,199.0,121.0,78.0,21.0,21.4,9,13.7,0.0,5.0,16.6,210,1014.5,63
2025-10-28 17:00:00,2025-10-28,17,56.0,24.0,32.0,20.1,21.1,0,14.5,0.0,3.2,14.0,207,1014.9,70
2025-10-28 18:00:00,2025-10-28,18,0.0,0.0,0.0,19.1,20.2,0,14.7,0.0,3.1,7.6,216,1015.5,76
2025-10-28 19:00:00,2025-10-28,19,0.0,0.0,0.0,18.2,19.4,2,15.0,0.0,2.9,6.1,210,1016.0,82
2025-10-28 20:00:00,2025-10-28,20,0.0,0.0,0.0,17.6,19.1,3,14.9,0.0,1.1,5.8,198,1016.5,84
2025-10-28 21:00:00,2025-10-28,21,0.0,0.0,0.0,17.2,18.6,0,14.7,0.0,1.1,2.9,180,1016.8,85
2025-10-28 22:00:00,2025-10-28,22,0.0,0.0,0.0,17.1,18.3,0,14.6,0.0,2.2,4.0,171,1017.0,85
2025-10-28 23:00:00,2025-10-28,23,0.0,0.0,0.0,17.0,18.1,9,14.5,0.0,2.9,5.0,180,1017.2,85
2025-10-29 00:00:00,2025-10-29,0,0.0,0.0,0.0,16.7,17.9,36,14.5,0.0,1.8,5.8,169,1017.5,87
2025-10-29 01:00:00,2025-10-29,1,0.0,0.0,0.0,16.2,17.4,52,14.2,0.0,0.8,4.7,27,1017.6,88
2025-10-29 02:00:00,2025-10-29,2,0.0,0.0,0.0,15.6,16.6,54,14.3,0.0,2.6,6.8,34,1017.6,92
2025-10-29 03:00:00,2025-10-29,3,0.0,0.0,0.0,15.0,15.8,66,14.2,0.0,3.9,9.7,22,1017.3,95
2025-10-29 04:00:00,2025-10-29,4,0.0,0.0,0.0,14.9,15.7,66,14.1,0.0,3.9,10.8,22,1017.4,95
2025-10-29 05:00:00,2025-10-29,5,0.0,0.0,0.0,14.9,15.7,67,14.1,0.0,3.7,11.5,29,1017.7,95
2025-10-29 06:00:00,2025-10-29,6,0.0,0.0,0.0,14.8,15.6,64,14.0,0.0,3.7,10.8,29,1017.6,95
2025-10-29 07:00:00,2025-10-29,7,8.0,1.0,7.0,14.8,15.6,49,14.0,0.0,3.4,10.1,18,1018.0,95
2025-10-29 08:00:00,2025-10-29,8,109.0,50.0,59.0,15.7,16.7,43,14.5,0.0,3.4,11.2,18,1018.5,93
2025-10-29 09:00:00,2025-10-29,9,248.0,146.0,102.0,17.5,18.6,47,14.6,0.0,3.1,11.2,45,1018.6,83
2025-10-29 10:00:00,2025-10-29,10,352.0,212.0,140.0,19.3,20.3,69,14.4,0.0,2.8,10.1,140,1018.9,73
2025-10-29 11:00:00,2025-10-29,11,429.0,247.0,182.0,20.4,20.2,99,14.5,0.0,11.6,26.6,175,1018.6,69
2025-10-29 12:00:00,2025-10-29,12,451.0,276.0,175.0,20.9,20.7,50,15.2,0.0,13.3,33.1,177,1018.2,70
2025-10-29 13:00:00,2025-10-29,13,474.0,317.0,157.0,21.1,20.7,62,15.4,0.0,14.8,34.6,180,1017.5,70
2025-10-29 14:00:00,2025-10-29,14,397.0,252.0,145.0,20.8,20.6,58,15.5,0.0,14.0,34.2,180,1017.1,72
2025-10-29 15:00:00,2025-10-29,15,279.0,152.0,127.0,20.4,20.5,62,15.6,0.0,12.2,33.5,180,1017.0,74
2025-10-29 16:00:00,2025-10-29,16,144.0,59.0,85.0,19.9,20.3,71,15.8,0.0,11.2,29.2,178,1016.9,77
2025-10-29 17:00:00,2025-10-29,17,38.0,9.0,29.0,19.3,20.1,71,16.0,0.0,8.4,25.6,170,1016.7,81
2025-10-29 18:00:00,2025-10-29,18,0.0,0.0,0.0,18.7,20.0,97,16.1,0.0,6.0,20.2,163,1016.7,85
2025-10-29 19:00:00,2025-10-29,19,0.0,0.0,0.0,18.3,19.7,96,16.1,0.0,4.6,14.4,162,1016.9,87
2025-10-29 20:00:00,2025-10-29,20,0.0,0.0,0.0,18.1,19.5,100,15.9,0.0,3.7,10.4,151,1016.8,87
2025-10-29 21:00:00,2025-10-29,21,0.0,0.0,0.0,18.0,19.3,100,15.6,0.0,4.0,10.1,153,1017.0,86
2025-10-29 22:00:00,2025-10-29,22,0.0,0.0,0.0,17.9,19.3,100,15.7,0.0,4.2,11.2,149,1017.0,87
2025-10-29 23:00:00,2025-10-29,23,0.0,0.0,0.0,17.7,19.1,100,15.8,0.0,4.1,11.2,142,1016.5,89
2025-10-30 00:00:00,2025-10-30,0,0.0,0.0,0.0,17.5,18.7,100,15.9,0.0,5.9,14.8,142,1015.8,90
2025-10-30 01:00:00,2025-10-30,1,0.0,0.0,0.0,17.7,18.9,100,15.8,0.0,5.5,15.5,169,1015.6,89
2025-10-30 02:00:00,2025-10-30,2,0.0,0.0,0.0,17.7,18.9,100,16.4,0.0,6.9,16.9,174,1015.5,92
2025-10-30 03:00:00,2025-10-30,3,0.0,0.0,0.0,17.7,18.9,100,16.2,0.0,6.4,15.5,164,1014.9,91
2025-10-30 04:00:00,2025-10-30,4,0.0,0.0,0.0,17.7,18.9,100,15.7,0.0,5.1,15.1,188,1014.8,88
2025-10-30 05:00:00,2025-10-30,5,0.0,0.0,0.0,17.6,18.9,100,15.7,0.0,4.4,12.6,171,1014.2,89
2025-10-30 06:00:00,2025-10-30,6,0.0,0.0,0.0,18.0,19.1,100,15.6,0.0,5.2,10.1,168,1014.2,86
2025-10-30 07:00:00,2025-10-30,7,3.0,0.0,3.0,17.8,19.0,100,15.4,0.0,4.5,11.9,151,1014.3,86
2025-10-30 08:00:00,2025-10-30,8,30.0,0.0,30.0,18.0,19.3,100,15.6,0.0,4.1,11.9,135,1014.6,86
2025-10-30 09:00:00,2025-10-30,9,75.0,2.0,73.0,18.8,19.6,100,15.8,0.2,8.0,17.6,188,1014.8,83
2025-10-30 10:00:00,2025-10-30,10,159.0,15.0,144.0,19.7,20.3,100,16.6,0.0,11.6,29.5,173,1014.8,82
2025-10-30 11:00:00,2025-10-30,11,239.0,45.0,194.0,20.4,20.8,100,16.5,0.0,12.7,29.9,173,1015.1,78
2025-10-30 12:00:00,2025-10-30,12,225.0,39.0,186.0,20.3,21.1,100,17.1,0.2,11.7,29.2,171,1014.9,82
2025-10-30 13:00:00,2025-10-30,13,196.0,33.0,163.0,20.3,20.8,99,16.6,0.2,12.4,31.0,170,1014.4,79
2025-10-30 14:00:00,2025-10-30,14,172.0,28.0,144.0,20.2,20.8,99,16.6,0.4,11.4,31.3,167,1014.2,80
2025-10-30 15:00:00,2025-10-30,15,132.0,19.0,113.0,19.9,20.6,100,16.5,0.4,10.6,31.3,162,1013.9,81
2025-10-30 16:00:00,2025-10-30,16,82.0,9.0,73.0,19.6,20.6,100,16.6,0.4,9.0,29.2,157,1013.8,83
2025-10-30 17:00:00,2025-10-30,17,26.0,2.0,24.0,19.2,20.5,100,16.6,0.2,7.2,22.3,153,1014.2,85
2025-10-30 18:00:00,2025-10-30,18,0.0,0.0,0.0,18.9,20.4,100,16.7,0.2,5.2,13.3,146,1014.9,87
2025-10-30 19:00:00,2025-10-30,19,0.0,0.0,0.0,18.5,20.3,100,16.7,0.2,3.6,7.2,135,1015.5,89
2025-10-30 20:00:00,2025-10-30,20,0.0,0.0,0.0,18.3,20.3,100,16.8,0.2,2.6,6.5,106,1015.9,91
2025-10-30 21:00:00,2025-10-30,21,0.0,0.0,0.0,18.0,20.0,100,16.7,0.2,2.7,8.6,67,1016.1,92
2025-10-30 22:00:00,2025-10-30,22,0.0,0.0,0.0,17.8,19.7,100,16.7,0.2,3.1,10.4,54,1016.3,93
2025-10-30 23:00:00,2025-10-30,23,0.0,0.0,0.0,17.6,19.5,100,16.5,0.5,2.7,11.2,67,1016.5,93
2025-10-31 00:00:00,2025-10-31,0,0.0,0.0,0.0,17.4,19.2,100,16.3,0.5,2.9,12.2,97,1016.6,93
2025-10-31 01:00:00,2025-10-31,1,0.0,0.0,0.0,17.3,19.0,100,16.2,0.5,3.2,12.2,117,1016.6,93
2025-10-31 02:00:00,2025-10-31,2,0.0,0.0,0.0,17.3,18.9,98,16.0,0.3,3.6,11.5,135,1016.5,92
2025-10-31 03:00:00,2025-10-31,3,0.0,0.0,0.0,17.4,18.8,95,15.8,0.3,3.9,10.4,146,1016.4,90
2025-10-31 04:00:00,2025-10-31,4,0.0,0.0,0.0,17.4,18.8,93,15.6,0.3,3.7,9.0,151,1016.4,89
2025-10-31 05:00:00,2025-10-31,5,0.0,0.0,0.0,17.2,18.7,88,15.5,0.0,2.3,7.2,141,1016.5,90
2025-10-31 06:00:00,2025-10-31,6,0.0,0.0,0.0,16.9,18.6,83,15.6,0.0,1.1,5.4,90,1016.7,92
2025-10-31 07:00:00,2025-10-31,7,6.0,0.0,6.0,16.9,18.5,78,15.6,0.0,2.1,4.7,31,1016.9,92
2025-10-31 08:00:00,2025-10-31,8,61.0,23.0,38.0,17.7,19.2,67,15.8,0.0,3.1,6.8,21,1017.3,89
2025-10-31 09:00:00,2025-10-31,9,197.0,111.0,86.0,18.8,20.2,55,15.8,0.0,3.8,10.1,17,1017.7,83
2025-10-31 10:00:00,2025-10-31,10,356.0,227.0,129.0,19.9,21.4,44,15.9,0.0,3.8,11.9,17,1017.8,78
2025-10-31 11:00:00,2025-10-31,11,466.0,317.0,149.0,21.0,22.5,46,15.7,0.0,2.7,10.8,23,1017.5,72
2025-10-31 12:00:00,2025-10-31,12,513.0,366.0,147.0,22.1,23.8,48,15.5,0.0,1.5,8.3,76,1016.9,66
2025-10-31 13:00:00,2025-10-31,13,499.0,362.0,137.0,22.8,24.3,50,15.4,0.0,1.8,6.8,127,1016.5,63
2025-10-31 14:00:00,2025-10-31,14,433.0,306.0,127.0,22.8,24.3,67,15.6,0.0,2.3,8.3,141,1016.4,64
2025-10-31 15:00:00,2025-10-31,15,321.0,212.0,109.0,22.3,24.0,83,16.1,0.0,2.9,11.2,150,1016.4,68
2025-10-31 16:00:00,2025-10-31,16,187.0,111.0,76.0,21.7,23.7,100,16.7,0.0,2.4,13.0,153,1016.6,73
2025-10-31 17:00:00,2025-10-31,17,51.0,24.0,27.0,21.0,23.4,77,17.2,0.0,0.7,13.0,180,1016.9,79
2025-10-31 18:00:00,2025-10-31,18,0.0,0.0,0.0,20.0,22.4,55,17.6,0.0,2.5,11.9,315,1017.2,86
2025-10-31 19:00:00,2025-10-31,19,0.0,0.0,0.0,19.2,21.4,32,17.7,0.0,4.4,11.5,325,1017.6,91
2025-10-31 20:00:00,2025-10-31,20,0.0,0.0,0.0,18.7,20.7,24,17.5,0.0,4.8,12.2,333,1017.8,93
2025-10-31 21:00:00,2025-10-31,21,0.0,0.0,0.0,18.3,20.1,15,17.1,0.0,4.8,13.0,347,1017.9,93
2025-10-31 22:00:00,2025-10-31,22,0.0,0.0,0.0,17.9,19.6,7,16.8,0.0,5.1,13.7,356,1018.1,93
2025-10-31 23:00:00,2025-10-31,23,0.0,0.0,0.0,17.6,19.0,5,16.3,0.0,5.4,13.7,360,1018.3,92
2025-11-01 00:00:00,2025-11-01,0,0.0,0.0,0.0,17.4,18.5,2,15.6,0.0,5.8,13.0,4,1018.6,89
2025-11-01 01:00:00,2025-11-01,1,0.0,0.0,0.0,17.2,18.1,0,15.2,0.0,6.1,12.6,3,1018.7,88
2025-11-01 02:00:00,2025-11-01,2,0.0,0.0,0.0,17.0,17.7,0,15.0,0.0,6.1,12.2,3,1018.6,88
2025-11-01 03:00:00,2025-11-01,3,0.0,0.0,0.0,16.8,17.5,0,14.8,0.0,5.8,11.5,7,1018.5,88
2025-11-01 04:00:00,2025-11-01,4,0.0,0.0,0.0,16.5,17.2,0,14.7,0.0,5.8,11.5,7,1018.5,89
2025-11-01 05:00:00,2025-11-01,5,0.0,0.0,0.0,16.3,17.0,0,14.6,0.0,5.8,11.9,7,1018.8,90
2025-11-01 06:00:00,2025-11-01,6,0.0,0.0,0.0,16.1,16.7,0,14.4,0.0,5.4,12.6,4,1019.3,90
2025-11-01 07:00:00,2025-11-01,7,6.0,0.0,6.0,15.9,16.6,0,14.5,0.0,5.4,13.0,4,1019.6,91
2025-11-01 08:00:00,2025-11-01,8,75.0,39.0,36.0,17.9,19.0,0,15.3,0.0,4.6,9.0,39,1018.2,85
2025-11-01 09:00:00,2025-11-01,9,212.0,138.0,74.0,19.0,20.0,0,15.1,0.0,4.8,10.1,42,1018.7,78
2025-11-01 10:00:00,2025-11-01,10,365.0,262.0,103.0,20.1,21.2,0,14.9,0.0,4.1,10.1,45,1018.9,72
2025-11-01 11:00:00,2025-11-01,11,474.0,361.0,113.0,21.1,22.4,1,14.9,0.0,2.3,8.6,51,1018.8,68
2025-11-01 12:00:00,2025-11-01,12,526.0,420.0,106.0,22.0,23.6,1,15.1,0.0,0.4,6.8,180,1018.6,65
2025-11-01 13:00:00,2025-11-01,13,518.0,419.0,99.0,22.5,23.9,2,15.3,0.0,2.3,6.5,219,1018.3,64
2025-11-01 14:00:00,2025-11-01,14,451.0,352.0,99.0,22.3,23.6,3,15.7,0.0,4.1,9.0,232,1018.1,66
2025-11-01 15:00:00,2025-11-01,15,337.0,244.0,93.0,21.7,22.8,4,15.8,0.0,5.8,13.0,240,1018.1,69
2025-11-01 16:00:00,2025-11-01,16,198.0,131.0,67.0,21.1,22.3,5,16.1,0.0,6.4,15.1,243,1018.1,73
2025-11-01 17:00:00,2025-11-01,17,55.0,33.0,22.0,20.5,22.0,3,16.1,0.0,4.3,13.7,246,1018.3,76
2025-11-01 18:00:00,2025-11-01,18,0.0,0.0,0.0,19.9,22.0,2,16.4,0.0,1.1,10.1,252,1018.7,80
2025-11-01 19:00:00,2025-11-01,19,0.0,0.0,0.0,19.4,21.5,0,16.4,0.0,1.3,7.2,56,1019.1,83
2025-11-01 20:00:00,2025-11-01,20,0.0,0.0,0.0,19.1,21.2,0,16.5,0.0,1.3,5.0,34,1019.3,85
2025-11-01 21:00:00,2025-11-01,21,0.0,0.0,0.0,19.0,21.1,0,16.6,0.0,1.1,3.2,342,1019.5,86
2025-11-01 22:00:00,2025-11-01,22,0.0,0.0,0.0,18.7,20.8,0,16.7,0.0,1.5,2.5,315,1019.6,88
2025-11-01 23:00:00,2025-11-01,23,0.0,0.0,0.0,18.3,20.5,0,16.6,0.0,1.1,3.2,360,1019.6,90
2025-11-02 00:00:00,2025-11-02,0,0.0,0.0,0.0,17.9,19.8,0,16.5,0.0,2.3,4.7,51,1019.4,92
2025-11-02 01:00:00,2025-11-02,1,0.0,0.0,0.0,17.4,19.1,0,16.4,0.0,3.5,5.8,66,1019.2,94
2025-11-02 02:00:00,2025-11-02,2,0.0,0.0,0.0,17.1,18.7,12,16.3,0.0,3.5,6.1,66,1018.9,95
2025-11-02 03:00:00,2025-11-02,3,0.0,0.0,0.0,16.7,18.3,24,16.1,0.0,3.4,5.8,58,1018.6,96
2025-11-02 04:00:00,2025-11-02,4,0.0,0.0,0.0,16.5,18.1,36,16.0,0.0,3.1,5.8,54,1018.3,97
2025-11-02 05:00:00,2025-11-02,5,0.0,0.0,0.0,16.3,17.7,36,15.8,0.0,3.4,5.8,58,1018.2,97
2025-11-02 06:00:00,2025-11-02,6,0.0,0.0,0.0,16.1,17.5,35,15.6,0.0,3.7,5.4,61,1018.2,97
2025-11-02 07:00:00,2025-11-02,7,6.0,0.0,6.0,16.3,17.7,35,15.5,0.0,3.5,5.4,66,1018.2,95
2025-11-02 08:00:00,2025-11-02,8,60.0,20.0,40.0,17.1,18.7,42,15.8,0.0,2.9,5.8,83,1018.2,92
2025-11-02 09:00:00,2025-11-02,9,191.0,100.0,91.0,18.3,20.1,50,16.3,0.0,2.6,6.1,124,1018.2,88
2025-11-02 10:00:00,2025-11-02,10,338.0,201.0,137.0,19.3,21.1,57,16.5,0.0,3.1,7.2,159,1018.1,84
2025-11-02 11:00:00,2025-11-02,11,430.0,264.0,166.0,19.8,21.5,57,16.6,0.0,4.3,9.7,185,1017.7,82
2025-11-02 12:00:00,2025-11-02,12,458.0,281.0,177.0,20.2,21.6,56,16.7,0.0,6.5,13.3,199,1017.1,80
2025-11-02 13:00:00,2025-11-02,13,441.0,267.0,174.0,20.4,21.5,56,16.6,0.0,7.8,15.8,202,1016.6,79
2025-11-02 14:00:00,2025-11-02,14,392.0,234.0,158.0,20.3,21.3,71,16.5,0.0,8.6,16.9,195,1016.1,79
2025-11-02 15:00:00,2025-11-02,15,305.0,177.0,128.0,19.9,20.8,85,16.2,0.0,8.6,17.3,182,1015.7,79
2025-11-02 16:00:00,2025-11-02,16,183.0,99.0,84.0,19.6,20.4,100,16.1,0.0,8.7,16.6,173,1015.4,80
2025-11-02 17:00:00,2025-11-02,17,49.0,22.0,27.0,19.4,20.3,100,16.0,0.0,7.4,14.0,166,1015.4,81
2025-11-02 18:00:00,2025-11-02,18,0.0,0.0,0.0,19.1,20.4,100,16.2,0.0,6.0,10.8,155,1015.6,83
2025-11-02 19:00:00,2025-11-02,19,0.0,0.0,0.0,19.0,20.4,100,16.2,0.0,4.9,9.0,144,1015.7,84
2025-11-02 20:00:00,2025-11-02,20,0.0,0.0,0.0,19.0,20.5,100,16.4,0.0,5.4,9.7,143,1015.7,85
2025-11-02 21:00:00,2025-11-02,21,0.0,0.0,0.0,19.1,20.5,100,16.5,0.0,6.0,11.5,147,1015.7,85
2025-11-02 22:00:00,2025-11-02,22,0.0,0.0,0.0,19.2,20.5,100,16.6,0.0,6.9,13.3,152,1015.6,85
2025-11-02 23:00:00,2025-11-02,23,0.0,0.0,0.0,19.2,20.5,99,16.8,0.0,7.9,14.8,156,1015.3,86
2025-11-03 00:00:00,2025-11-03,0,0.0,0.0,0.0,19.2,20.3,98,16.8,0.0,8.9,16.6,159,1015.0,86
2025-11-03 01:00:00,2025-11-03,1,0.0,0.0,0.0,19.2,20.3,97,17.0,0.0,9.6,17.6,160,1014.7,87
2025-11-03 02:00:00,2025-11-03,2,0.0,0.0,0.0,19.2,20.3,97,17.1,0.0,9.8,18.4,156,1014.5,88
2025-11-03 03:00:00,2025-11-03,3,0.0,0.0,0.0,19.1,20.2,98,17.1,0.0,9.5,19.1,151,1014.3,88
2025-11-03 04:00:00,2025-11-03,4,0.0,0.0,0.0,19.1,20.2,98,17.2,0.0,9.6,19.1,146,1014.2,89
2025-11-03 05:00:00,2025-11-03,5,0.0,0.0,0.0,19.0,20.2,98,17.1,0.3,9.0,17.6,143,1014.3,89
2025-11-03 06:00:00,2025-11-03,6,0.0,0.0,0.0,18.9,20.1,97,17.0,0.3,8.2,15.8,142,1014.6,89
2025-11-03 07:00:00,2025-11-03,7,3.0,0.0,3.0,18.9,20.2,97,17.1,0.3,8.5,15.8,144,1014.9,89
2025-11-03 08:00:00,2025-11-03,8,28.0,1.0,27.0,19.2,20.1,98,17.0,0.0,10.9,19.8,146,1015.2,87
2025-11-03 09:00:00,2025-11-03,9,84.0,6.0,78.0,19.6,20.1,99,17.0,0.0,13.9,25.6,149,1015.6,85
2025-11-03 10:00:00,2025-11-03,10,143.0,13.0,130.0,19.9,20.1,100,17.1,0.0,16.3,29.9,149,1015.8,84
2025-11-03 11:00:00,2025-11-03,11,170.0,17.0,153.0,20.0,20.2,100,17.2,0.0,16.6,30.6,150,1015.7,84
2025-11-03 12:00:00,2025-11-03,12,178.0,20.0,158.0,20.0,20.2,100,17.4,0.0,16.1,29.5,151,1015.5,85
2025-11-03 13:00:00,2025-11-03,13,171.0,20.0,151.0,20.0,20.4,100,17.5,0.0,15.6,28.8,151,1015.3,86
2025-11-03 14:00:00,2025-11-03,14,391.0,226.0,165.0,20.1,19.9,89,15.1,0.0,12.6,12.2,182,1012.9,73
2025-11-03 15:00:00,2025-11-03,15,301.0,177.0,124.0,19.9,19.7,79,15.3,0.0,13.3,13.7,180,1012.8,75
2025-11-03 16:00:00,2025-11-03,16,179.0,106.0,73.0,19.6,19.4,68,15.4,0.0,13.7,14.4,180,1012.8,77
2025-11-03 17:00:00,2025-11-03,17,49.0,29.0,20.0,19.2,19.1,51,15.5,0.3,13.0,14.4,180,1013.0,79
2025-11-03 18:00:00,2025-11-03,18,0.0,0.0,0.0,18.7,18.9,35,15.5,0.3,11.5,13.7,178,1013.4,82
2025-11-03 19:00:00,2025-11-03,19,0.0,0.0,0.0,18.3,18.7,18,15.6,0.3,10.5,12.6,176,1013.7,84
2025-11-03 20:00:00,2025-11-03,20,0.0,0.0,0.0,18.2,18.6,18,15.5,0.2,10.0,11.2,167,1013.8,84
2025-11-03 21:00:00,2025-11-03,21,0.0,0.0,0.0,18.3,18.6,19,15.2,0.2,9.4,9.4,157,1013.8,82
2025-11-03 22:00:00,2025-11-03,22,0.0,0.0,0.0,18.2,18.5,19,14.9,0.2,9.2,7.6,149,1013.8,81
2025-11-03 23:00:00,2025-11-03,23,0.0,0.0,0.0,18.1,18.5,17,15.0,0.1,8.3,5.8,146,1013.8,82
2025-11-04 00:00:00,2025-11-04,0,0.0,0.0,0.0,17.8,18.4,16,14.9,0.1,7.0,4.0,145,1013.8,83
2025-11-04 01:00:00,2025-11-04,1,0.0,0.0,0.0,17.6,18.4,14,14.9,0.1,5.7,2.5,145,1013.8,84
2025-11-04 02:00:00,2025-11-04,2,0.0,0.0,0.0,17.4,18.5,18,14.9,0.0,4.1,2.2,142,1013.7,85
2025-11-04 03:00:00,2025-11-04,3,0.0,0.0,0.0,17.2,18.5,22,14.8,0.0,2.0,2.2,135,1013.6,86
2025-11-04 04:00:00,2025-11-04,4,0.0,0.0,0.0,17.1,18.6,26,14.9,0.0,1.1,2.5,90,1013.6,87
2025-11-04 05:00:00,2025-11-04,5,0.0,0.0,0.0,17.1,18.6,44,14.9,0.0,1.3,3.2,56,1013.7,87
2025-11-04 06:00:00,2025-11-04,6,0.0,0.0,0.0,17.2,18.5,63,14.7,0.0,1.8,4.7,53,1013.9,85
2025-11-04 07:00:00,2025-11-04,7,3.0,3.0,0.0,17.4,18.6,81,14.6,0.0,2.1,5.8,59,1014.1,84
2025-11-04 08:00:00,2025-11-04,8,19.0,16.0,3.0,17.5,18.7,87,14.6,0.0,2.3,7.2,51,1014.5,83
2025-11-04 09:00:00,2025-11-04,9,39.0,23.0,16.0,17.6,18.7,94,14.3,0.0,2.5,8.6,45,1014.9,81
2025-11-04 10:00:00,2025-11-04,10,68.0,28.0,40.0,17.9,19.0,100,14.2,0.0,2.0,9.7,45,1015.1,79
2025-11-04 11:00:00,2025-11-04,11,137.0,63.0,74.0,18.3,19.6,100,14.2,0.1,0.8,9.7,153,1014.9,77
2025-11-04 12:00:00,2025-11-04,12,227.0,116.0,111.0,18.8,19.7,100,14.3,0.1,3.8,8.6,197,1014.4,75
2025-11-04 13:00:00,2025-11-04,13,273.0,145.0,128.0,19.2,19.7,100,14.2,0.1,6.2,8.6,201,1014.1,73
2025-11-04 14:00:00,2025-11-04,14,236.0,125.0,111.0,19.2,19.6,100,14.2,0.2,6.3,9.7,204,1014.0,73
2025-11-04 15:00:00,2025-11-04,15,161.0,85.0,76.0,19.0,19.5,100,14.1,0.2,5.8,11.2,210,1014.1,73
2025-11-04 16:00:00,2025-11-04,16,89.0,46.0,43.0,18.8,19.4,100,13.9,0.2,4.7,12.6,212,1014.2,73
2025-11-04 17:00:00,2025-11-04,17,27.0,14.0,13.0,18.7,19.4,81,13.7,0.1,3.4,14.0,212,1014.5,73
2025-11-04 18:00:00,2025-11-04,18,0.0,0.0,0.0,18.5,19.4,61,13.6,0.1,1.5,15.5,194,1014.8,73
2025-11-04 19:00:00,2025-11-04,19,0.0,0.0,0.0,18.3,19.3,42,13.6,0.1,0.8,16.2,117,1015.2,74
2025-11-04 20:00:00,2025-11-04,20,0.0,0.0,0.0,18.1,19.0,33,13.6,0.1,1.5,15.1,104,1015.5,75
2025-11-04 21:00:00,2025-11-04,21,0.0,0.0,0.0,17.9,18.7,24,13.6,0.1,2.4,13.3,117,1015.8,76
2025-11-04 22:00:00,2025-11-04,22,0.0,0.0,0.0,17.6,18.4,15,13.5,0.1,2.7,11.9,113,1016.0,77
2025-11-04 23:00:00,2025-11-04,23,0.0,0.0,0.0,17.3,18.0,12,13.3,0.0,2.5,11.2,82,1016.1,77
2025-11-05 00:00:00,2025-11-05,0,0.0,0.0,0.0,17.0,17.3,8,12.7,0.0,3.6,10.8,45,1016.0,76
2025-11-05 01:00:00,2025-11-05,1,0.0,0.0,0.0,16.6,16.6,5,12.2,0.0,5.0,10.4,30,1016.0,75
2025-11-05 02:00:00,2025-11-05,2,0.0,0.0,0.0,16.3,16.1,3,11.9,0.0,5.7,10.4,35,1015.9,75
2025-11-05 03:00:00,2025-11-05,3,0.0,0.0,0.0,16.0,15.7,2,11.8,0.0,6.1,10.4,40,1015.8,76
2025-11-05 04:00:00,2025-11-05,4,0.0,0.0,0.0,15.8,15.3,0,11.6,0.0,6.6,10.4,45,1015.8,76
2025-11-05 05:00:00,2025-11-05,5,0.0,0.0,0.0,15.5,15.0,0,11.5,0.0,6.6,10.4,45,1015.9,77
2025-11-05 06:00:00,2025-11-05,6,0.0,0.0,0.0,15.2,14.5,0,11.2,0.0,6.9,10.4,43,1016.0,77
2025-11-05 07:00:00,2025-11-05,7,3.0,3.0,0.0,15.3,14.7,0,11.1,0.0,6.4,10.1,43,1016.2,76
2025-11-05 08:00:00,2025-11-05,8,51.0,43.0,8.0,16.2,15.7,0,11.1,0.0,5.9,9.0,43,1016.4,72
2025-11-05 09:00:00,2025-11-05,9,195.0,153.0,42.0,17.4,17.0,0,11.2,0.0,4.8,7.9,48,1016.6,67
2025-11-05 10:00:00,2025-11-05,10,370.0,287.0,83.0,18.5,18.3,0,11.1,0.0,3.4,6.8,58,1016.7,62
2025-11-05 11:00:00,2025-11-05,11,490.0,391.0,99.0,19.2,19.3,0,11.0,0.0,1.5,6.1,135,1016.4,59
2025-11-05 12:00:00,2025-11-05,12,539.0,446.0,93.0,19.9,19.5,0,11.1,0.0,4.8,5.0,193,1016.0,57
2025-11-05 13:00:00,2025-11-05,13,529.0,448.0,81.0,20.2,19.4,0,11.1,0.0,7.6,4.7,199,1015.7,56
2025-11-05 14:00:00,2025-11-05,14,472.0,399.0,73.0,20.0,19.2,1,11.3,0.0,8.4,4.3,200,1015.4,57
2025-11-05 15:00:00,2025-11-05,15,362.0,301.0,61.0,19.6,19.0,1,11.7,0.0,7.6,4.3,199,1015.3,60
2025-11-05 16:00:00,2025-11-05,16,211.0,171.0,40.0,19.2,18.8,2,11.7,0.0,6.5,4.7,199,1015.4,62
2025-11-05 17:00:00,2025-11-05,17,54.0,41.0,13.0,18.8,18.6,4,11.8,0.0,4.8,5.4,207,1015.8,64
2025-11-05 18:00:00,2025-11-05,18,0.0,0.0,0.0,18.4,18.6,5,12.1,0.0,3.1,6.5,225,1016.3,67
2025-11-05 19:00:00,2025-11-05,19,0.0,0.0,0.0,18.1,18.5,7,12.1,0.0,1.8,6.8,270,1016.8,68
2025-11-05 20:00:00,2025-11-05,20,0.0,0.0,0.0,17.9,18.2,7,11.9,0.0,2.1,6.5,329,1017.2,68
2025-11-05 21:00:00,2025-11-05,21,0.0,0.0,0.0,17.8,17.8,6,11.8,0.0,4.0,5.4,355,1017.5,68
2025-11-05 22:00:00,2025-11-05,22,0.0,0.0,0.0,17.6,17.3,6,11.4,0.0,5.1,5.0,8,1017.8,67
2025-11-05 23:00:00,2025-11-05,23,0.0,0.0,0.0,17.4,16.9,7,11.0,0.0,5.7,5.8,18,1017.9,66
2025-11-06 00:00:00,2025-11-06,0,0.0,0.0,0.0,17.2,16.6,8,10.8,0.0,5.8,7.6,30,1018.0,66
2025-11-06 01:00:00,2025-11-06,1,0.0,0.0,0.0,16.9,16.2,9,10.5,0.0,6.1,8.6,40,1018.1,66
2025-11-06 02:00:00,2025-11-06,2,0.0,0.0,0.0,16.7,16.0,8,10.7,0.0,6.4,9.0,43,1018.2,68
2025-11-06 03:00:00,2025-11-06,3,0.0,0.0,0.0,16.4,15.8,7,10.9,0.0,6.6,9.4,45,1018.3,70
2025-11-06 04:00:00,2025-11-06,4,0.0,0.0,0.0,16.2,15.5,6,11.1,0.0,6.9,9.7,43,1018.5,72
2025-11-06 05:00:00,2025-11-06,5,0.0,0.0,0.0,15.8,15.2,7,11.2,0.0,7.1,10.4,41,1018.7,74
2025-11-06 06:00:00,2025-11-06,6,0.0,0.0,0.0,15.5,14.7,7,11.1,0.0,7.4,11.2,39,1019.0,75
2025-11-06 07:00:00,2025-11-06,7,3.0,3.0,0.0,15.6,14.8,8,11.0,0.0,7.7,11.9,37,1019.3,74
2025-11-06 08:00:00,2025-11-06,8,52.0,44.0,8.0,16.5,15.7,8,11.0,0.0,8.2,12.6,38,1019.7,70
2025-11-06 09:00:00,2025-11-06,9,195.0,155.0,40.0,17.9,17.0,8,11.0,0.0,8.2,13.0,38,1020.1,64
2025-11-06 10:00:00,2025-11-06,10,369.0,290.0,79.0,19.2,18.3,8,10.7,0.0,7.7,12.6,37,1020.4,58
2025-11-06 11:00:00,2025-11-06,11,488.0,393.0,95.0,20.3,19.6,13,10.4,0.0,6.0,11.2,33,1020.3,53
2025-11-06 12:00:00,2025-11-06,12,537.0,448.0,89.0,21.4,21.0,17,10.0,0.0,3.3,9.0,13,1020.2,48
2025-11-06 13:00:00,2025-11-06,13,526.0,448.0,78.0,22.2,21.8,22,9.7,0.0,2.4,7.6,333,1020.1,45
2025-11-06 14:00:00,2025-11-06,14,468.0,397.0,71.0,22.4,21.8,30,9.2,0.0,3.1,7.2,306,1020.1,43
2025-11-06 15:00:00,2025-11-06,15,357.0,298.0,59.0,22.3,21.5,37,9.1,0.0,4.2,7.2,301,1020.3,43
2025-11-06 16:00:00,2025-11-06,16,206.0,167.0,39.0,22.0,21.2,45,9.2,0.0,4.6,8.3,309,1020.5,44
2025-11-06 17:00:00,2025-11-06,17,52.0,39.0,13.0,21.5,20.8,43,9.7,0.0,4.5,10.8,331,1020.8,47
2025-11-06 18:00:00,2025-11-06,18,0.0,0.0,0.0,20.7,19.9,42,9.9,0.0,5.4,14.0,4,1021.3,50
2025-11-06 19:00:00,2025-11-06,19,0.0,0.0,0.0,20.0,19.2,40,10.4,0.0,6.8,16.2,18,1021.7,54
2025-11-06 20:00:00,2025-11-06,20,0.0,0.0,0.0,19.4,18.5,48,10.6,0.0,7.1,16.2,24,1022.1,57
2025-11-06 21:00:00,2025-11-06,21,0.0,0.0,0.0,18.7,17.9,55,10.8,0.0,7.4,14.8,29,1022.4,60
2025-11-06 22:00:00,2025-11-06,22,0.0,0.0,0.0,18.2,17.4,63,10.8,0.0,7.1,13.3,30,1022.7,62
2025-11-06 23:00:00,2025-11-06,23,0.0,0.0,0.0,17.7,16.9,54,10.6,0.0,6.9,12.2,28,1022.9,63
2025-11-07 00:00:00,2025-11-07,0,0.0,0.0,0.0,17.4,16.6,46,10.5,0.0,6.4,10.8,27,1023.0,64
2025-11-07 01:00:00,2025-11-07,1,0.0,0.0,0.0,17.0,16.2,37,10.2,0.0,6.3,9.7,24,1023.0,64
2025-11-07 02:00:00,2025-11-07,2,0.0,0.0,0.0,16.7,15.8,29,9.9,0.0,6.3,9.0,24,1023.0,64
2025-11-07 03:00:00,2025-11-07,3,0.0,0.0,0.0,16.5,15.6,22,9.9,0.0,6.4,8.6,27,1022.9,65
2025-11-07 04:00:00,2025-11-07,4,0.0,0.0,0.0,16.3,15.3,14,9.7,0.0,6.4,8.3,27,1022.9,65
2025-11-07 05:00:00,2025-11-07,5,0.0,0.0,0.0,15.9,14.9,13,9.8,0.0,6.6,7.9,29,1023.1,67
2025-11-07 06:00:00,2025-11-07,6,0.0,0.0,0.0,15.5,14.4,11,9.6,0.0,6.6,7.9,29,1023.3,68
2025-11-07 07:00:00,2025-11-07,7,3.0,3.0,0.0,15.5,14.5,10,9.6,0.0,6.6,7.6,29,1023.6,68
2025-11-07 08:00:00,2025-11-07,8,52.0,45.0,7.0,16.4,15.4,11,9.6,0.0,6.3,6.8,31,1023.9,64
2025-11-07 09:00:00,2025-11-07,9,195.0,157.0,38.0,17.8,16.8,11,9.2,0.0,5.8,6.5,30,1024.1,57
2025-11-07 10:00:00,2025-11-07,10,368.0,292.0,76.0,19.1,18.1,12,8.7,0.0,4.7,5.8,23,1024.2,51
2025-11-07 11:00:00,2025-11-07,11,486.0,394.0,92.0,20.1,19.2,11,8.5,0.0,3.6,5.4,354,1023.9,47
2025-11-07 12:00:00,2025-11-07,12,535.0,449.0,86.0,21.0,20.0,11,8.3,0.0,4.3,4.7,312,1023.4,44
2025-11-07 13:00:00,2025-11-07,13,525.0,449.0,76.0,21.7,20.4,10,8.2,0.0,5.8,4.7,292,1023.0,42
2025-11-07 14:00:00,2025-11-07,14,467.0,398.0,69.0,21.9,20.4,12,8.1,0.0,6.7,5.0,286,1022.6,41
2025-11-07 15:00:00,2025-11-07,15,357.0,300.0,57.0,21.9,20.3,13,7.7,0.0,6.7,5.8,286,1022.3,40
2025-11-07 16:00:00,2025-11-07,16,205.0,168.0,37.0,21.6,20.1,15,8.1,0.0,6.8,6.5,288,1022.2,42
2025-11-07 17:00:00,2025-11-07,17,51.0,40.0,11.0,20.9,19.7,20,9.1,0.0,6.6,7.6,292,1022.4,47
2025-11-07 18:00:00,2025-11-07,18,0.0,0.0,0.0,19.9,19.1,26,10.3,0.0,6.3,8.3,301,1022.8,54
2025-11-07 19:00:00,2025-11-07,19,0.0,0.0,0.0,19.1,18.6,31,10.9,0.0,5.9,8.6,308,1023.1,59
2025-11-07 20:00:00,2025-11-07,20,0.0,0.0,0.0,18.7,18.3,26,11.3,0.0,5.4,7.2,318,1023.4,62
2025-11-07 21:00:00,2025-11-07,21,0.0,0.0,0.0,18.4,18.1,20,11.4,0.0,5.0,5.0,330,1023.6,64
2025-11-07 22:00:00,2025-11-07,22,0.0,0.0,0.0,18.1,17.8,15,11.4,0.0,4.6,3.6,342,1023.7,65
2025-11-07 23:00:00,2025-11-07,23,0.0,0.0,0.0,17.7,17.5,16,11.3,0.0,4.3,3.2,355,1023.6,66
2025-11-08 00:00:00,2025-11-08,0,0.0,0.0,0.0,17.4,17.2,18,11.2,0.0,4.0,3.2,5,1023.5,67
2025-11-08 01:00:00,2025-11-08,1,0.0,0.0,0.0,17.1,16.8,19,10.9,0.0,3.8,3.6,17,1023.3,67
2025-11-08 02:00:00,2025-11-08,2,0.0,0.0,0.0,16.8,16.5,14,10.7,0.0,3.5,3.6,24,1023.1,67
2025-11-08 03:00:00,2025-11-08,3,0.0,0.0,0.0,16.6,16.3,8,10.5,0.0,3.5,4.0,24,1022.9,67
2025-11-08 04:00:00,2025-11-08,4,0.0,0.0,0.0,16.4,16.0,3,10.3,0.0,3.4,4.0,32,1022.8,67
2025-11-08 05:00:00,2025-11-08,5,0.0,0.0,0.0,16.1,15.6,2,10.0,0.0,3.6,4.0,37,1022.8,67
2025-11-08 06:00:00,2025-11-08,6,0.0,0.0,0.0,15.9,15.3,1,9.8,0.0,3.8,4.0,49,1022.9,67
2025-11-08 07:00:00,2025-11-08,7,3.0,3.0,0.0,16.0,15.4,0,9.6,0.0,3.6,3.6,53,1022.9,66
2025-11-08 08:00:00,2025-11-08,8,53.0,46.0,7.0,16.7,16.4,0,9.9,0.0,2.3,2.5,51,1023.0,64
2025-11-08 09:00:00,2025-11-08,9,193.0,155.0,38.0,17.9,17.8,0,10.0,0.0,0.5,1.4,45,1023.0,60
2025-11-08 10:00:00,2025-11-08,10,360.0,284.0,76.0,18.8,18.6,0,10.1,0.0,1.6,1.1,243,1022.9,57
2025-11-08 11:00:00,2025-11-08,11,476.0,383.0,93.0,19.5,18.9,0,10.0,0.0,4.1,2.5,232,1022.5,54
2025-11-08 12:00:00,2025-11-08,12,526.0,439.0,87.0,20.1,19.0,0,9.6,0.0,6.6,4.7,229,1021.9,51
2025-11-08 13:00:00,2025-11-08,13,517.0,440.0,77.0,20.3,19.0,0,9.6,0.0,8.7,6.5,228,1021.4,50
2025-11-08 14:00:00,2025-11-08,14,459.0,389.0,70.0,20.2,18.8,0,9.7,0.0,8.9,7.6,230,1021.0,51
2025-11-08 15:00:00,2025-11-08,15,349.0,291.0,58.0,19.7,18.5,0,9.9,0.0,8.4,7.9,230,1020.6,53
2025-11-08 16:00:00,2025-11-08,16,199.0,161.0,38.0,19.3,18.3,0,10.3,0.0,7.4,7.9,231,1020.4,56
2025-11-08 17:00:00,2025-11-08,17,49.0,38.0,11.0,18.8,18.1,0,10.6,0.0,6.4,7.6,232,1020.5,59
2025-11-08 18:00:00,2025-11-08,18,0.0,0.0,0.0,18.3,17.9,0,11.2,0.0,5.2,6.8,236,1020.7,63
2025-11-08 19:00:00,2025-11-08,19,0.0,0.0,0.0,17.9,17.8,0,11.5,0.0,4.2,5.8,239,1020.9,66
2025-11-08 20:00:00,2025-11-08,20,0.0,0.0,0.0,17.7,17.9,0,12.0,0.0,3.2,4.3,243,1021.0,69
2025-11-08 21:00:00,2025-11-08,21,0.0,0.0,0.0,17.6,18.0,0,12.3,0.0,1.9,2.5,248,1021.0,71
2025-11-08 22:00:00,2025-11-08,22,0.0,0.0,0.0,17.5,18.1,0,12.8,0.0,1.6,1.4,243,1021.0,74
2025-11-08 23:00:00,2025-11-08,23,0.0,0.0,0.0,17.3,18.1,14,13.3,0.0,1.8,1.4,233,1020.8,77
2025-11-09 00:00:00,2025-11-09,0,0.0,0.0,0.0,17.2,18.0,27,13.7,0.0,2.8,2.2,220,1020.5,80
2025-11-09 01:00:00,2025-11-09,1,0.0,0.0,0.0,17.0,17.8,41,13.9,0.0,3.6,2.5,217,1020.3,82
2025-11-09 02:00:00,2025-11-09,2,0.0,0.0,0.0,16.9,17.7,38,14.2,0.0,3.9,2.9,214,1020.1,84
2025-11-09 03:00:00,2025-11-09,3,0.0,0.0,0.0,16.8,17.6,34,14.2,0.0,3.7,2.9,209,1019.9,85
2025-11-09 04:00:00,2025-11-09,4,0.0,0.0,0.0,16.7,17.5,31,14.3,0.0,4.0,2.9,207,1019.8,86
2025-11-09 05:00:00,2025-11-09,5,0.0,0.0,0.0,16.5,17.3,34,14.5,0.0,4.7,2.5,203,1019.8,88
2025-11-09 06:00:00,2025-11-09,6,0.0,0.0,0.0,16.3,17.0,36,14.5,0.0,5.4,2.2,200,1019.8,89
2025-11-09 07:00:00,2025-11-09,7,0.0,0.0,0.0,16.4,17.0,39,14.6,0.0,6.2,2.9,201,1019.9,89
2025-11-09 08:00:00,2025-11-09,8,30.0,20.0,10.0,16.9,17.4,36,14.5,0.0,6.9,6.1,208,1020.0,86
2025-11-09 09:00:00,2025-11-09,9,163.0,112.0,51.0,17.7,18.0,32,14.4,0.0,8.0,10.1,216,1020.1,81
2025-11-09 10:00:00,2025-11-09,10,335.0,230.0,105.0,18.3,18.4,29,14.2,0.0,8.7,13.7,222,1020.1,77
2025-11-09 11:00:00,2025-11-09,11,439.0,303.0,136.0,18.8,18.8,39,14.0,0.0,9.2,15.8,228,1019.7,74
2025-11-09 12:00:00,2025-11-09,12,461.0,321.0,140.0,19.1,19.1,48,14.1,0.0,9.3,16.9,234,1019.2,73
2025-11-09 13:00:00,2025-11-09,13,422.0,292.0,130.0,19.2,19.2,58,14.1,0.0,9.4,17.3,238,1018.7,72
2025-11-09 14:00:00,2025-11-09,14,337.0,223.0,114.0,19.1,19.2,70,14.3,0.0,8.9,16.6,238,1018.4,74
2025-11-09 15:00:00,2025-11-09,15,220.0,134.0,86.0,18.8,19.2,81,14.7,0.0,8.0,15.5,234,1018.1,77
2025-11-09 16:00:00,2025-11-09,16,107.0,59.0,48.0,18.5,19.0,93,14.8,0.0,7.1,14.0,229,1018.0,79
2025-11-09 17:00:00,2025-11-09,17,22.0,11.0,11.0,18.3,18.9,94,14.8,0.0,6.6,13.0,225,1018.0,80
2025-11-09 18:00:00,2025-11-09,18,0.0,0.0,0.0,18.1,18.8,96,14.8,0.0,6.2,11.9,216,1018.2,81
2025-11-09 19:00:00,2025-11-09,19,0.0,0.0,0.0,18.0,18.8,97,14.9,0.0,6.1,11.2,208,1018.3,82
2025-11-09 20:00:00,2025-11-09,20,0.0,0.0,0.0,18.0,18.9,96,15.2,0.0,6.0,11.5,197,1018.3,84
2025-11-09 21:00:00,2025-11-09,21,0.0,0.0,0.0,18.0,19.0,96,15.6,0.0,6.2,12.2,190,1018.2,86
2025-11-09 22:00:00,2025-11-09,22,0.0,0.0,0.0,18.0,19.1,95,16.0,0.0,6.5,13.3,186,1018.1,88
2025-11-09 23:00:00,2025-11-09,23,0.0,0.0,0.0,18.0,19.2,97,16.0,0.1,6.3,14.8,193,1018.0,88
2025-11-10 00:00:00,2025-11-10,0,0.0,0.0,0.0,18.1,19.3,98,15.9,0.1,6.0,15.8,205,1017.8,87
2025-11-10 01:00:00,2025-11-10,1,0.0,0.0,0.0,18.2,19.4,100,15.8,0.1,6.0,16.6,213,1017.6,86
2025-11-10 02:00:00,2025-11-10,2,0.0,0.0,0.0,18.3,19.4,100,15.7,0.0,5.7,15.8,215,1017.4,85
2025-11-10 03:00:00,2025-11-10,3,0.0,0.0,0.0,18.3,19.5,100,15.6,0.0,5.3,14.4,208,1017.1,84
2025-11-10 04:00:00,2025-11-10,4,0.0,0.0,0.0,18.3,19.4,100,15.5,0.0,5.2,12.6,205,1016.9,84
2025-11-10 05:00:00,2025-11-10,5,0.0,0.0,0.0,18.0,19.2,98,15.7,0.0,5.0,9.4,201,1016.8,86
2025-11-10 06:00:00,2025-11-10,6,0.0,0.0,0.0,17.7,18.8,96,15.7,0.0,5.5,6.1,191,1016.7,88
2025-11-10 07:00:00,2025-11-10,7,7.0,5.0,2.0,17.6,18.7,94,15.8,0.0,6.2,4.7,190,1016.6,89
2025-11-10 08:00:00,2025-11-10,8,81.0,55.0,26.0,18.1,19.0,89,15.9,0.0,8.0,7.6,190,1016.6,87
2025-11-10 09:00:00,2025-11-10,9,186.0,127.0,59.0,18.9,19.4,84,15.8,0.0,10.7,12.6,192,1016.6,82
2025-11-10 10:00:00,2025-11-10,10,275.0,186.0,89.0,19.6,19.7,79,15.8,0.0,12.6,16.6,193,1016.4,79
2025-11-10 11:00:00,2025-11-10,11,356.0,229.0,127.0,19.8,19.8,86,15.7,0.0,13.4,18.4,194,1016.0,77
2025-11-10 12:00:00,2025-11-10,12,418.0,253.0,165.0,19.9,19.9,93,15.8,0.0,13.7,19.1,194,1015.5,77
2025-11-10 13:00:00,2025-11-10,13,421.0,241.0,180.0,19.9,19.9,100,15.6,0.0,13.5,19.4,196,1015.0,76
2025-11-10 14:00:00,2025-11-10,14,350.0,190.0,160.0,19.8,19.8,100,15.3,0.0,12.2,19.8,199,1014.7,75
2025-11-10 15:00:00,2025-11-10,15,239.0,122.0,117.0,19.6,19.8,100,15.1,0.0,10.8,20.2,206,1014.5,75
2025-11-10 16:00:00,2025-11-10,16,123.0,59.0,64.0,19.4,19.6,100,14.8,0.0,9.4,20.2,212,1014.4,75
2025-11-10 17:00:00,2025-11-10,17,28.0,13.0,15.0,19.1,19.5,100,14.8,0.0,8.6,20.5,213,1014.4,76
2025-11-10 18:00:00,2025-11-10,18,0.0,0.0,0.0,18.9,19.4,100,14.8,0.0,7.9,20.5,210,1014.4,77
2025-11-10 19:00:00,2025-11-10,19,0.0,0.0,0.0,18.7,19.3,100,15.0,0.0,7.4,20.5,209,1014.4,79
2025-11-10 20:00:00,2025-11-10,20,0.0,0.0,0.0,18.5,19.2,70,15.3,0.0,7.2,20.5,217,1014.4,82
2025-11-10 21:00:00,2025-11-10,21,0.0,0.0,0.0,18.3,19.2,39,15.7,0.0,6.9,20.2,227,1014.5,85
2025-11-10 22:00:00,2025-11-10,22,0.0,0.0,0.0,18.1,19.1,9,15.9,0.0,7.2,19.4,233,1014.5,87
2025-11-10 23:00:00,2025-11-10,23,0.0,0.0,0.0,18.0,18.9,16,15.8,0.0,7.4,18.0,231,1014.4,87
